group,rmse,mae,mape,smape,smape0
250m,0.001946771229811366,0.006540914201585474,0.011243542405289512,0.0033128002011326126,0.02992748701652656
750m,0.011572245825649382,0.007964920371668868,0.008994443796181596,0.010571230315457385,0.028339353095741295
