group,type,rmse,mae,mape,smape,smape0
all,fixed,0.8521414515378911,0.2623135325427984,0.6904509705296727,1.8673530291140472,1.0561322367672517
all,prop,0.7775619710527227,0.23337043541938057,0.7225659732516438,1.8739353179538694,1.1617307095016378
ovl,fixed,0.3477658179489197,0.1306638484877402,0.7832978025228317,1.9562194156467867,1.3590747159109142
ovl,prop,0.34593454232605814,0.10816423133860116,0.823191706126822,1.9598644409336305,1.4696212105888329
sep,fixed,1.8124983511255501,0.8190036251184726,0.6330637760267978,1.5444624159800813,0.8688881639152939
sep,prop,1.4135663164259735,0.5931863228748243,0.6676008388096337,1.6749867615667846,0.9935506396315571
