group,rmse,mae,mape,smape,smape0
250m,0.4360638120372121,0.12284037508980612,0.7750348398864071,1.95336920948547,1.3363358118803652
750m,1.3291081044098791,0.3921333221375779,0.6787339177930338,1.7866730164328595,0.9484616354739774
