group,rmse,mae,mape,smape,smape0
250m,0.017965370373079336,0.012028557767795479,0.00836537031126806,0.012625309069768956,0.0322141494603171
750m,0.04695526696044567,0.026108394391328574,0.012389206200152452,0.06707348619454051,0.059500664680648754
