group,rmse,mae,mape,smape,smape0
250m,0.9911432566945008,0.18806766806686098,0.7253750609789008,1.9214462889580233,1.0918192121133417
750m,2.5551629681985317,0.48378761556257704,0.6743907204596444,1.8019637170307614,0.9224074031926982
