group,type,rmse,mae,mape,smape,smape0
all,fixed,1.760076613408095,0.306110243108491,0.7114731236919022,1.883799863906668,1.005943254503809
all,prop,1.5868042615871754,0.3053381523769124,0.6874736346738526,1.8718535177403157,0.9590492098377608
ovl,fixed,0.31922840406222147,0.0800622136207733,0.864575695555952,1.981206513242255,1.5029924744986907
ovl,prop,0.32024229165311946,0.08351108472158389,0.8578018687693705,1.9806981415053808,1.4798002717653052
sep,fixed,3.6613375713639646,1.0838687174475874,0.6630477889689173,1.6125449395579061,0.8487298611623576
sep,prop,2.9948992185759096,0.8978499251931191,0.6418326463941846,1.621788195513054,0.8195092607490435
